id,mineral,tipo_eslabonamiento,etapa_proyecto,macrosector,actividad,requerimiento_o_producto,frecuencia,demanda_anual_usd_demo,participacion_catamarca_pct_demo,participacion_resto_arg_pct_demo,participacion_importada_pct_demo,empleo_local_potencial_demo,criticidad,complejidad_tecnica,capacidad_local_demo,territorio_potencial,accion_sugerida,barrera_principal,beneficio_provincial,certificaciones_referenciales,cadena_valor,fuente_conceptual,nota
1,Litio,Hacia atrás,Exploración,Exploración y geociencias,Cartografía y modelado geológico,Servicios geológicos y modelado 3D,Por campaña,1724000.0,28,55,17,35,Alta,Alta,Parcial,Antofagasta de la Sierra,Desarrollar consultoría geológica local,Capital humano especializado,Conocimiento técnico,ISO 9001 / estándares QA-QC,Minería > Exploración y geociencias > Cartografía y modelado geológico,Fuentes oficiales / taxonomía demostrativa,"Valores económicos, participaciones y empleo SIMULADOS."
2,Litio,Hacia atrás,Exploración,Exploración y geociencias,Perforación exploratoria,Perforación diamantina / RC,Por campaña,5181000.0,15,51,34,85,Alta,Alta,Incipiente,Tinogasta / Fiambalá,Escalar perforistas y servicios auxiliares,Equipamiento y experiencia,Servicios especializados,ISO 9001 / seguridad minera,Minería > Exploración y geociencias > Perforación exploratoria,Fuentes oficiales / taxonomía demostrativa,"Valores económicos, participaciones y empleo SIMULADOS."
3,Litio,Hacia atrás,Exploración,Laboratorios,Muestreo y ensayos,Ensayos geoquímicos y mineralógicos,Por campaña,1986000.0,20,42,38,48,Alta,Alta,Parcial,Capital,Laboratorio regional acreditado,Acreditación y equipamiento,Ciencia aplicada,ISO/IEC 17025,Minería > Laboratorios > Muestreo y ensayos,Fuentes oficiales / taxonomía demostrativa,"Valores económicos, participaciones y empleo SIMULADOS."
4,Litio,Hacia atrás,Exploración,Tecnología,Topografía y drones,"Levantamientos, fotogrametría y GIS",Por campaña,1304000.0,39,51,10,32,Media,Alta,Parcial,Antofagasta de la Sierra,Consolidar proveedores tecnológicos,Capacitación y homologación,Economía del conocimiento,Licencias / seguridad operacional,Minería > Tecnología > Topografía y drones,Fuentes oficiales / taxonomía demostrativa,"Valores económicos, participaciones y empleo SIMULADOS."
5,Litio,Hacia atrás,Construcción,Construcción,Movimiento de suelos,"Caminos, plataformas y preparación de terrenos",Por proyecto,8627000.0,51,46,3,145,Alta,Media,Parcial,Tinogasta / Fiambalá,Escalar contratistas locales,Flota y capital de trabajo,Empleo territorial,ISO 9001 / seguridad,Minería > Construcción > Movimiento de suelos,Fuentes oficiales / taxonomía demostrativa,"Valores económicos, participaciones y empleo SIMULADOS."
6,Litio,Hacia atrás,Construcción,Construcción,Obras civiles,"Hormigón, fundaciones y edificios industriales",Por proyecto,10325000.0,40,54,6,165,Alta,Media,Parcial,Capital,Desarrollar capacidad EPC local,Escala y antecedentes,Capital físico,ISO 9001,Minería > Construcción > Obras civiles,Fuentes oficiales / taxonomía demostrativa,"Valores económicos, participaciones y empleo SIMULADOS."
7,Litio,Hacia atrás,Construcción,Metalmecánica,Estructuras metálicas,"Piping, calderería y estructuras",Por proyecto,10409000.0,17,47,36,125,Alta,Alta,Incipiente,Antofagasta de la Sierra,Cluster metalmecánico provincial,Certificación de soldadura,Industrialización,AWS / ASME / ISO 3834,Minería > Metalmecánica > Estructuras metálicas,Fuentes oficiales / taxonomía demostrativa,"Valores económicos, participaciones y empleo SIMULADOS."
8,Litio,Hacia atrás,Construcción,Energía,Infraestructura eléctrica,"Subestaciones, líneas, tableros y generación",Por proyecto,10168000.0,16,48,36,90,Alta,Muy alta,Incipiente,Tinogasta / Fiambalá,Integradores eléctricos locales,Ingeniería y certificaciones,Capacidad energética,IEC / IRAM,Minería > Energía > Infraestructura eléctrica,Fuentes oficiales / taxonomía demostrativa,"Valores económicos, participaciones y empleo SIMULADOS."
9,Litio,Hacia atrás,Construcción,Agua,Infraestructura hídrica,"Bombas, válvulas, cañerías y plantas",Por proyecto,6487000.0,24,49,27,68,Alta,Alta,Parcial,Capital,Servicios hidráulicos regionales,Stock y soporte técnico,Infraestructura crítica,ISO / normas de presión,Minería > Agua > Infraestructura hídrica,Fuentes oficiales / taxonomía demostrativa,"Valores económicos, participaciones y empleo SIMULADOS."
10,Litio,Hacia atrás,Construcción,Campamentos,Infraestructura modular,"Módulos, mobiliario e instalaciones temporales",Por proyecto,3922000.0,43,42,15,80,Media,Media,Parcial,Antofagasta de la Sierra,Fabricación/ensamble local,Escala productiva,Construcción local,Normas construcción / seguridad,Minería > Campamentos > Infraestructura modular,Fuentes oficiales / taxonomía demostrativa,"Valores económicos, participaciones y empleo SIMULADOS."
11,Litio,Hacia atrás,Operación,Logística,Transporte de cargas,Transporte de insumos y producto,Mensual,11797000.0,59,39,2,185,Alta,Media,Consolidada,Tinogasta / Fiambalá,Profesionalizar flotas provinciales,Financiamiento de flota,Empleo y servicios,RTO / habilitaciones,Minería > Logística > Transporte de cargas,Fuentes oficiales / taxonomía demostrativa,"Valores económicos, participaciones y empleo SIMULADOS."
12,Litio,Hacia atrás,Operación,Logística,Almacenamiento,"Depósitos, stock crítico y distribución",Mensual,3076000.0,45,44,11,55,Alta,Media,Parcial,Capital,Centro logístico regional,Infraestructura y sistemas,Eficiencia logística,ISO 9001,Minería > Logística > Almacenamiento,Fuentes oficiales / taxonomía demostrativa,"Valores económicos, participaciones y empleo SIMULADOS."
13,Litio,Hacia atrás,Operación,Mantenimiento,Mecánica industrial,"Mantenimiento de bombas, reductores y equipos",Mensual,6504000.0,30,51,19,105,Alta,Alta,Parcial,Antofagasta de la Sierra,Talleres homologados,Equipamiento y certificación,Retención de gasto recurrente,ISO 9001 / OEM,Minería > Mantenimiento > Mecánica industrial,Fuentes oficiales / taxonomía demostrativa,"Valores económicos, participaciones y empleo SIMULADOS."
14,Litio,Hacia atrás,Operación,Mantenimiento,Electricidad e instrumentación,"Motores, tableros, variadores e instrumentación",Mensual,5760000.0,23,36,41,74,Alta,Alta,Parcial,Tinogasta / Fiambalá,Servicios eléctricos especializados,Capacitación y stock,Capital humano,IEC / seguridad eléctrica,Minería > Mantenimiento > Electricidad e instrumentación,Fuentes oficiales / taxonomía demostrativa,"Valores económicos, participaciones y empleo SIMULADOS."
15,Litio,Hacia atrás,Operación,Equipamiento,Maquinaria pesada,Repuestos y componentes críticos,Mensual,12578000.0,9,24,67,62,Alta,Muy alta,Incipiente,Capital,Hub de reparación y repuestos,Escala y acuerdos OEM,Menor parada de planta,OEM / calidad,Minería > Equipamiento > Maquinaria pesada,Fuentes oficiales / taxonomía demostrativa,"Valores económicos, participaciones y empleo SIMULADOS."
16,Litio,Hacia atrás,Operación,Industria química,Reactivos e insumos,"Reactivos, cal, ácidos, soda y consumibles",Mensual,11022000.0,10,31,59,50,Alta,Muy alta,Incipiente,Antofagasta de la Sierra,Blending/distribución o producción regional,"Escala, ambiente y tecnología",Sustitución competitiva,SDS / ISO 14001,Minería > Industria química > Reactivos e insumos,Fuentes oficiales / taxonomía demostrativa,"Valores económicos, participaciones y empleo SIMULADOS."
17,Litio,Hacia atrás,Operación,Combustibles y lubricantes,Abastecimiento,"Combustibles, grasas y lubricantes",Mensual,7235000.0,27,62,11,48,Alta,Media,Parcial,Tinogasta / Fiambalá,Logística y stock provincial,Seguridad y almacenamiento,Compras locales,Normas combustibles,Minería > Combustibles y lubricantes > Abastecimiento,Fuentes oficiales / taxonomía demostrativa,"Valores económicos, participaciones y empleo SIMULADOS."
18,Litio,Hacia atrás,Operación,Tecnología,Automatización,"SCADA, sensores, control y analítica",Mensual,3958000.0,11,28,61,44,Alta,Muy alta,Incipiente,Capital,Integradores tecnológicos locales,Talento y homologación,Economía del conocimiento,IEC / ciberseguridad,Minería > Tecnología > Automatización,Fuentes oficiales / taxonomía demostrativa,"Valores económicos, participaciones y empleo SIMULADOS."
19,Litio,Hacia atrás,Operación,Telecomunicaciones,Conectividad,"Radio, fibra, satélite y redes privadas",Mensual,2897000.0,19,36,45,32,Alta,Alta,Incipiente,Antofagasta de la Sierra,Operadores e integradores locales,Cobertura y SLA,Conectividad territorial,Homologaciones ENACOM,Minería > Telecomunicaciones > Conectividad,Fuentes oficiales / taxonomía demostrativa,"Valores económicos, participaciones y empleo SIMULADOS."
20,Litio,Hacia atrás,Operación,Seguridad y salud,Seguridad industrial,"EPP, rescate, higiene y medicina laboral",Mensual,3417000.0,40,49,11,72,Alta,Media,Parcial,Tinogasta / Fiambalá,Proveedores certificados,Homologación,Seguridad y empleo,ISO 45001,Minería > Seguridad y salud > Seguridad industrial,Fuentes oficiales / taxonomía demostrativa,"Valores económicos, participaciones y empleo SIMULADOS."
21,Litio,Hacia atrás,Operación,Servicios generales,Catering,Alimentación de campamento,Mensual,4513000.0,73,24,3,160,Media,Baja,Consolidada,Capital,Integrar productores y PyME locales,Calidad y escala,Derrame directo,BPM / inocuidad,Minería > Servicios generales > Catering,Fuentes oficiales / taxonomía demostrativa,"Valores económicos, participaciones y empleo SIMULADOS."
22,Litio,Hacia atrás,Operación,Servicios generales,Hotelería y lavandería,"Alojamiento, limpieza y lavandería",Mensual,2566000.0,85,13,2,96,Media,Baja,Consolidada,Antofagasta de la Sierra,Expandir capacidad local,Calidad y estacionalidad,Turismo y servicios,Habilitaciones,Minería > Servicios generales > Hotelería y lavandería,Fuentes oficiales / taxonomía demostrativa,"Valores económicos, participaciones y empleo SIMULADOS."
23,Litio,Hacia atrás,Operación,Servicios profesionales,Ingeniería y confiabilidad,"Ingeniería de procesos, activos y mantenimiento",Mensual,3647000.0,19,61,20,62,Alta,Muy alta,Incipiente,Tinogasta / Fiambalá,Centro de ingeniería minera,Experiencia sectorial,Conocimiento exportable,Matrículas / ISO,Minería > Servicios profesionales > Ingeniería y confiabilidad,Fuentes oficiales / taxonomía demostrativa,"Valores económicos, participaciones y empleo SIMULADOS."
24,Litio,Hacia atrás,Operación,Servicios financieros,Seguros y financiamiento,"Seguros, leasing, garantías y factoring",Mensual,2239000.0,32,62,6,25,Media,Media,Parcial,Capital,Especialización financiera minera,Conocimiento sectorial,Servicios avanzados,Regulación financiera,Minería > Servicios financieros > Seguros y financiamiento,Fuentes oficiales / taxonomía demostrativa,"Valores económicos, participaciones y empleo SIMULADOS."
25,Litio,Hacia atrás,Operación,Ambiente,Monitoreo ambiental,"Agua, aire, biodiversidad y emisiones",Mensual,3245000.0,37,42,21,56,Alta,Alta,Parcial,Antofagasta de la Sierra,Servicios ambientales locales,Equipamiento y acreditación,Control territorial,ISO 14001 / lab,Minería > Ambiente > Monitoreo ambiental,Fuentes oficiales / taxonomía demostrativa,"Valores económicos, participaciones y empleo SIMULADOS."
26,Litio,Hacia atrás,Operación,Economía circular,Gestión de residuos,"Tratamiento, recuperación y valorización",Mensual,2690000.0,21,61,18,62,Media,Media,Parcial,Tinogasta / Fiambalá,Plantas de tratamiento regional,Escala y permisos,Nuevos negocios verdes,Permisos ambientales,Minería > Economía circular > Gestión de residuos,Fuentes oficiales / taxonomía demostrativa,"Valores económicos, participaciones y empleo SIMULADOS."
27,Litio,Hacia atrás,Operación,Educación y formación,Capacitación técnica,"Formación de operadores, técnicos y mandos",Mensual,1491000.0,60,40,0,48,Media,Media,Consolidada,Capital,Programas universidad-empresa,Currícula y docentes,Capital humano,Certificación de competencias,Minería > Educación y formación > Capacitación técnica,Fuentes oficiales / taxonomía demostrativa,"Valores económicos, participaciones y empleo SIMULADOS."
28,Litio,Hacia atrás,Cierre,Ambiente,Cierre y remediación,"Cierre progresivo, revegetación y monitoreo",Por proyecto,5383000.0,27,48,25,92,Alta,Alta,Parcial,Antofagasta de la Sierra,Empresas locales de cierre minero,Experiencia y garantías,Capacidad post-mina,Normativa ambiental,Minería > Ambiente > Cierre y remediación,Fuentes oficiales / taxonomía demostrativa,"Valores económicos, participaciones y empleo SIMULADOS."
29,Litio,Hacia atrás,Cierre,Economía circular,Desmantelamiento,Recuperación de equipos y materiales,Por proyecto,3035000.0,38,49,13,70,Media,Media,Parcial,Tinogasta / Fiambalá,Servicios de recuperación local,Logística y valorización,Circularidad,Seguridad / ambiente,Minería > Economía circular > Desmantelamiento,Fuentes oficiales / taxonomía demostrativa,"Valores económicos, participaciones y empleo SIMULADOS."
30,Litio,Hacia adelante,Transformación,Industria química,Purificación,Carbonato/hidróxido grado batería,Mercado potencial,18500000.0,10,42,48,90,Alta,Alta,Incipiente,Capital,Evaluar refinación/purificación local,"Energía, escala y tecnología",Mayor valor agregado,Calidad grado batería,Litio > Purificación > Carbonato/hidróxido grado batería,Cadena de valor demostrativa,"Valores económicos, participaciones y empleo SIMULADOS."
31,Litio,Hacia adelante,Transformación,Materiales avanzados,Precursores,Materiales activos y precursores catódicos,Mercado potencial,25000000.0,2,27,71,110,Alta,Muy alta,Incipiente,Tinogasta / Fiambalá,Atracción de inversión tecnológica,Tecnología/IP y escala,Transferencia tecnológica,Calidad automotriz,Litio > Precursores > Materiales activos y precursores catódicos,Cadena de valor demostrativa,"Valores económicos, participaciones y empleo SIMULADOS."
32,Litio,Hacia adelante,Transformación,Manufactura avanzada,Celdas,Fabricación/ensamble de celdas,Mercado potencial,33000000.0,3,20,77,165,Alta,Muy alta,Incipiente,Capital,Alianza tecnológica / JV,"Capital, know-how y mercado",Industrialización,IATF / seguridad batería,Litio > Celdas > Fabricación/ensamble de celdas,Cadena de valor demostrativa,"Valores económicos, participaciones y empleo SIMULADOS."
33,Litio,Hacia adelante,Transformación,Energía,BESS,Módulos y sistemas de almacenamiento,Mercado potencial,15200000.0,10,43,47,105,Media,Alta,Incipiente,Tinogasta / Fiambalá,Integración regional de BESS,Electrónica y certificación,Transición energética,IEC / UL según mercado,Litio > BESS > Módulos y sistemas de almacenamiento,Cadena de valor demostrativa,"Valores económicos, participaciones y empleo SIMULADOS."
34,Litio,Hacia adelante,Fin de vida,Economía circular,Reciclaje de baterías,Recuperación de litio y otros metales,Mercado potencial,7200000.0,2,29,69,70,Media,Muy alta,Incipiente,Capital,Centro regional de reciclaje,"Volumen, tecnología y ambiente",Circularidad,Permisos / trazabilidad,Litio > Reciclaje de baterías > Recuperación de litio y otros metales,Cadena de valor demostrativa,"Valores económicos, participaciones y empleo SIMULADOS."
35,Cobre,Hacia atrás,Exploración,Exploración y geociencias,Cartografía y modelado geológico,Servicios geológicos y modelado 3D,Por campaña,2306000.0,29,54,17,47,Alta,Alta,Parcial,Andalgalá,Desarrollar consultoría geológica local,Capital humano especializado,Conocimiento técnico,ISO 9001 / estándares QA-QC,Minería > Exploración y geociencias > Cartografía y modelado geológico,Fuentes oficiales / taxonomía demostrativa,"Valores económicos, participaciones y empleo SIMULADOS."
36,Cobre,Hacia atrás,Exploración,Exploración y geociencias,Perforación exploratoria,Perforación diamantina / RC,Por campaña,6573000.0,21,52,27,115,Alta,Alta,Parcial,Belén,Escalar perforistas y servicios auxiliares,Equipamiento y experiencia,Servicios especializados,ISO 9001 / seguridad minera,Minería > Exploración y geociencias > Perforación exploratoria,Fuentes oficiales / taxonomía demostrativa,"Valores económicos, participaciones y empleo SIMULADOS."
37,Cobre,Hacia atrás,Exploración,Laboratorios,Muestreo y ensayos,Ensayos geoquímicos y mineralógicos,Por campaña,2732000.0,26,36,38,65,Alta,Alta,Parcial,Capital,Laboratorio regional acreditado,Acreditación y equipamiento,Ciencia aplicada,ISO/IEC 17025,Minería > Laboratorios > Muestreo y ensayos,Fuentes oficiales / taxonomía demostrativa,"Valores económicos, participaciones y empleo SIMULADOS."
38,Cobre,Hacia atrás,Exploración,Tecnología,Topografía y drones,"Levantamientos, fotogrametría y GIS",Por campaña,1789000.0,40,50,10,43,Media,Alta,Parcial,Andalgalá,Consolidar proveedores tecnológicos,Capacitación y homologación,Economía del conocimiento,Licencias / seguridad operacional,Minería > Tecnología > Topografía y drones,Fuentes oficiales / taxonomía demostrativa,"Valores económicos, participaciones y empleo SIMULADOS."
39,Cobre,Hacia atrás,Construcción,Construcción,Movimiento de suelos,"Caminos, plataformas y preparación de terrenos",Por proyecto,12918000.0,52,40,8,196,Alta,Media,Parcial,Belén,Escalar contratistas locales,Flota y capital de trabajo,Empleo territorial,ISO 9001 / seguridad,Minería > Construcción > Movimiento de suelos,Fuentes oficiales / taxonomía demostrativa,"Valores económicos, participaciones y empleo SIMULADOS."
40,Cobre,Hacia atrás,Construcción,Construcción,Obras civiles,"Hormigón, fundaciones y edificios industriales",Por proyecto,15378000.0,46,46,8,223,Alta,Media,Parcial,Capital,Desarrollar capacidad EPC local,Escala y antecedentes,Capital físico,ISO 9001,Minería > Construcción > Obras civiles,Fuentes oficiales / taxonomía demostrativa,"Valores económicos, participaciones y empleo SIMULADOS."
41,Cobre,Hacia atrás,Construcción,Metalmecánica,Estructuras metálicas,"Piping, calderería y estructuras",Por proyecto,11627000.0,19,49,32,169,Alta,Alta,Incipiente,Andalgalá,Cluster metalmecánico provincial,Certificación de soldadura,Industrialización,AWS / ASME / ISO 3834,Minería > Metalmecánica > Estructuras metálicas,Fuentes oficiales / taxonomía demostrativa,"Valores económicos, participaciones y empleo SIMULADOS."
42,Cobre,Hacia atrás,Construcción,Energía,Infraestructura eléctrica,"Subestaciones, líneas, tableros y generación",Por proyecto,14400000.0,16,48,36,122,Alta,Muy alta,Incipiente,Belén,Integradores eléctricos locales,Ingeniería y certificaciones,Capacidad energética,IEC / IRAM,Minería > Energía > Infraestructura eléctrica,Fuentes oficiales / taxonomía demostrativa,"Valores económicos, participaciones y empleo SIMULADOS."
43,Cobre,Hacia atrás,Construcción,Agua,Infraestructura hídrica,"Bombas, válvulas, cañerías y plantas",Por proyecto,8609000.0,24,49,27,92,Alta,Alta,Parcial,Capital,Servicios hidráulicos regionales,Stock y soporte técnico,Infraestructura crítica,ISO / normas de presión,Minería > Agua > Infraestructura hídrica,Fuentes oficiales / taxonomía demostrativa,"Valores económicos, participaciones y empleo SIMULADOS."
44,Cobre,Hacia atrás,Construcción,Campamentos,Infraestructura modular,"Módulos, mobiliario e instalaciones temporales",Por proyecto,5117000.0,37,43,20,108,Media,Media,Parcial,Andalgalá,Fabricación/ensamble local,Escala productiva,Construcción local,Normas construcción / seguridad,Minería > Campamentos > Infraestructura modular,Fuentes oficiales / taxonomía demostrativa,"Valores económicos, participaciones y empleo SIMULADOS."
45,Cobre,Hacia atrás,Operación,Logística,Transporte de cargas,Transporte de insumos y producto,Mensual,15790000.0,56,42,2,250,Alta,Media,Consolidada,Belén,Profesionalizar flotas provinciales,Financiamiento de flota,Empleo y servicios,RTO / habilitaciones,Minería > Logística > Transporte de cargas,Fuentes oficiales / taxonomía demostrativa,"Valores económicos, participaciones y empleo SIMULADOS."
46,Cobre,Hacia atrás,Operación,Logística,Almacenamiento,"Depósitos, stock crítico y distribución",Mensual,4800000.0,50,44,6,74,Alta,Media,Parcial,Capital,Centro logístico regional,Infraestructura y sistemas,Eficiencia logística,ISO 9001,Minería > Logística > Almacenamiento,Fuentes oficiales / taxonomía demostrativa,"Valores económicos, participaciones y empleo SIMULADOS."
47,Cobre,Hacia atrás,Operación,Mantenimiento,Mecánica industrial,"Mantenimiento de bombas, reductores y equipos",Mensual,9619000.0,37,38,25,142,Alta,Alta,Parcial,Andalgalá,Talleres homologados,Equipamiento y certificación,Retención de gasto recurrente,ISO 9001 / OEM,Minería > Mantenimiento > Mecánica industrial,Fuentes oficiales / taxonomía demostrativa,"Valores económicos, participaciones y empleo SIMULADOS."
48,Cobre,Hacia atrás,Operación,Mantenimiento,Electricidad e instrumentación,"Motores, tableros, variadores e instrumentación",Mensual,7375000.0,22,44,34,100,Alta,Alta,Parcial,Belén,Servicios eléctricos especializados,Capacitación y stock,Capital humano,IEC / seguridad eléctrica,Minería > Mantenimiento > Electricidad e instrumentación,Fuentes oficiales / taxonomía demostrativa,"Valores económicos, participaciones y empleo SIMULADOS."
49,Cobre,Hacia atrás,Operación,Equipamiento,Maquinaria pesada,Repuestos y componentes críticos,Mensual,17203000.0,10,30,60,84,Alta,Muy alta,Incipiente,Capital,Hub de reparación y repuestos,Escala y acuerdos OEM,Menor parada de planta,OEM / calidad,Minería > Equipamiento > Maquinaria pesada,Fuentes oficiales / taxonomía demostrativa,"Valores económicos, participaciones y empleo SIMULADOS."
50,Cobre,Hacia atrás,Operación,Industria química,Reactivos e insumos,"Reactivos, cal, ácidos, soda y consumibles",Mensual,13497000.0,6,33,61,68,Alta,Muy alta,Incipiente,Andalgalá,Blending/distribución o producción regional,"Escala, ambiente y tecnología",Sustitución competitiva,SDS / ISO 14001,Minería > Industria química > Reactivos e insumos,Fuentes oficiales / taxonomía demostrativa,"Valores económicos, participaciones y empleo SIMULADOS."
51,Cobre,Hacia atrás,Operación,Combustibles y lubricantes,Abastecimiento,"Combustibles, grasas y lubricantes",Mensual,9428000.0,30,62,8,65,Alta,Media,Parcial,Belén,Logística y stock provincial,Seguridad y almacenamiento,Compras locales,Normas combustibles,Minería > Combustibles y lubricantes > Abastecimiento,Fuentes oficiales / taxonomía demostrativa,"Valores económicos, participaciones y empleo SIMULADOS."
52,Cobre,Hacia atrás,Operación,Tecnología,Automatización,"SCADA, sensores, control y analítica",Mensual,5373000.0,9,30,61,59,Alta,Muy alta,Incipiente,Capital,Integradores tecnológicos locales,Talento y homologación,Economía del conocimiento,IEC / ciberseguridad,Minería > Tecnología > Automatización,Fuentes oficiales / taxonomía demostrativa,"Valores económicos, participaciones y empleo SIMULADOS."
53,Cobre,Hacia atrás,Operación,Telecomunicaciones,Conectividad,"Radio, fibra, satélite y redes privadas",Mensual,3541000.0,19,43,38,43,Alta,Alta,Incipiente,Andalgalá,Operadores e integradores locales,Cobertura y SLA,Conectividad territorial,Homologaciones ENACOM,Minería > Telecomunicaciones > Conectividad,Fuentes oficiales / taxonomía demostrativa,"Valores económicos, participaciones y empleo SIMULADOS."
54,Cobre,Hacia atrás,Operación,Seguridad y salud,Seguridad industrial,"EPP, rescate, higiene y medicina laboral",Mensual,4359000.0,42,42,16,97,Alta,Media,Parcial,Belén,Proveedores certificados,Homologación,Seguridad y empleo,ISO 45001,Minería > Seguridad y salud > Seguridad industrial,Fuentes oficiales / taxonomía demostrativa,"Valores económicos, participaciones y empleo SIMULADOS."
55,Cobre,Hacia atrás,Operación,Servicios generales,Catering,Alimentación de campamento,Mensual,5563000.0,75,22,3,216,Media,Baja,Consolidada,Capital,Integrar productores y PyME locales,Calidad y escala,Derrame directo,BPM / inocuidad,Minería > Servicios generales > Catering,Fuentes oficiales / taxonomía demostrativa,"Valores económicos, participaciones y empleo SIMULADOS."
56,Cobre,Hacia atrás,Operación,Servicios generales,Hotelería y lavandería,"Alojamiento, limpieza y lavandería",Mensual,3873000.0,85,15,0,130,Media,Baja,Consolidada,Andalgalá,Expandir capacidad local,Calidad y estacionalidad,Turismo y servicios,Habilitaciones,Minería > Servicios generales > Hotelería y lavandería,Fuentes oficiales / taxonomía demostrativa,"Valores económicos, participaciones y empleo SIMULADOS."
57,Cobre,Hacia atrás,Operación,Servicios profesionales,Ingeniería y confiabilidad,"Ingeniería de procesos, activos y mantenimiento",Mensual,5024000.0,25,56,19,84,Alta,Muy alta,Parcial,Belén,Centro de ingeniería minera,Experiencia sectorial,Conocimiento exportable,Matrículas / ISO,Minería > Servicios profesionales > Ingeniería y confiabilidad,Fuentes oficiales / taxonomía demostrativa,"Valores económicos, participaciones y empleo SIMULADOS."
58,Cobre,Hacia atrás,Operación,Servicios financieros,Seguros y financiamiento,"Seguros, leasing, garantías y factoring",Mensual,2956000.0,31,67,2,34,Media,Media,Parcial,Capital,Especialización financiera minera,Conocimiento sectorial,Servicios avanzados,Regulación financiera,Minería > Servicios financieros > Seguros y financiamiento,Fuentes oficiales / taxonomía demostrativa,"Valores económicos, participaciones y empleo SIMULADOS."
59,Cobre,Hacia atrás,Operación,Ambiente,Monitoreo ambiental,"Agua, aire, biodiversidad y emisiones",Mensual,3828000.0,35,47,18,76,Alta,Alta,Parcial,Andalgalá,Servicios ambientales locales,Equipamiento y acreditación,Control territorial,ISO 14001 / lab,Minería > Ambiente > Monitoreo ambiental,Fuentes oficiales / taxonomía demostrativa,"Valores económicos, participaciones y empleo SIMULADOS."
60,Cobre,Hacia atrás,Operación,Economía circular,Gestión de residuos,"Tratamiento, recuperación y valorización",Mensual,4029000.0,22,56,22,84,Media,Media,Parcial,Belén,Plantas de tratamiento regional,Escala y permisos,Nuevos negocios verdes,Permisos ambientales,Minería > Economía circular > Gestión de residuos,Fuentes oficiales / taxonomía demostrativa,"Valores económicos, participaciones y empleo SIMULADOS."
61,Cobre,Hacia atrás,Operación,Educación y formación,Capacitación técnica,"Formación de operadores, técnicos y mandos",Mensual,1793000.0,67,30,3,65,Media,Media,Consolidada,Capital,Programas universidad-empresa,Currícula y docentes,Capital humano,Certificación de competencias,Minería > Educación y formación > Capacitación técnica,Fuentes oficiales / taxonomía demostrativa,"Valores económicos, participaciones y empleo SIMULADOS."
62,Cobre,Hacia atrás,Cierre,Ambiente,Cierre y remediación,"Cierre progresivo, revegetación y monitoreo",Por proyecto,6301000.0,31,51,18,124,Alta,Alta,Parcial,Andalgalá,Empresas locales de cierre minero,Experiencia y garantías,Capacidad post-mina,Normativa ambiental,Minería > Ambiente > Cierre y remediación,Fuentes oficiales / taxonomía demostrativa,"Valores económicos, participaciones y empleo SIMULADOS."
63,Cobre,Hacia atrás,Cierre,Economía circular,Desmantelamiento,Recuperación de equipos y materiales,Por proyecto,4588000.0,36,55,9,94,Media,Media,Parcial,Belén,Servicios de recuperación local,Logística y valorización,Circularidad,Seguridad / ambiente,Minería > Economía circular > Desmantelamiento,Fuentes oficiales / taxonomía demostrativa,"Valores económicos, participaciones y empleo SIMULADOS."
64,Cobre,Hacia adelante,Transformación,Procesamiento mineral,Concentración,Concentrado de cobre,Mercado potencial,41850000.0,18,49,33,169,Alta,Muy alta,Incipiente,Capital,Maximizar procesamiento local,"Agua, energía y escala",Valor agregado inicial,Especificaciones comerciales,Cobre > Concentración > Concentrado de cobre,Cadena de valor demostrativa,"Valores económicos, participaciones y empleo SIMULADOS."
65,Cobre,Hacia adelante,Transformación,Metalurgia,Fundición/refinación,Cátodos de cobre,Mercado potencial,60750000.0,1,22,77,263,Alta,Muy alta,Incipiente,Belén,Estudio de factibilidad metalúrgica,"Energía, ambiente y escala",Salto industrial,LME / calidad,Cobre > Fundición/refinación > Cátodos de cobre,Cadena de valor demostrativa,"Valores económicos, participaciones y empleo SIMULADOS."
66,Cobre,Hacia adelante,Transformación,Metalmecánica,Semielaborados,Alambrón y conductores,Mercado potencial,35100000.0,3,28,69,213,Media,Alta,Incipiente,Capital,Atracción de fabricante,Escala y mercado,Industria eléctrica,Normas eléctricas,Cobre > Semielaborados > Alambrón y conductores,Cadena de valor demostrativa,"Valores económicos, participaciones y empleo SIMULADOS."
67,Cobre,Hacia adelante,Transformación,Industria eléctrica,Componentes,"Barras, conectores y piezas eléctricas",Mercado potencial,17550000.0,5,40,55,148,Media,Alta,Incipiente,Belén,PyME industrial especializada,Calidad y diseño,Diversificación manufacturera,IRAM / IEC,"Cobre > Componentes > Barras, conectores y piezas eléctricas",Cadena de valor demostrativa,"Valores económicos, participaciones y empleo SIMULADOS."
68,Cobre,Hacia adelante,Fin de vida,Economía circular,Reciclaje de cobre,Recuperación de chatarra y cobre secundario,Mercado potencial,11070000.0,17,55,28,101,Media,Media,Incipiente,Capital,Circuito provincial de recuperación,Formalización y trazabilidad,Circularidad,Trazabilidad,Cobre > Reciclaje de cobre > Recuperación de chatarra y cobre secundario,Cadena de valor demostrativa,"Valores económicos, participaciones y empleo SIMULADOS."
69,Oro,Hacia atrás,Exploración,Exploración y geociencias,Cartografía y modelado geológico,Servicios geológicos y modelado 3D,Por campaña,1297000.0,29,57,14,25,Alta,Alta,Parcial,Belén,Desarrollar consultoría geológica local,Capital humano especializado,Conocimiento técnico,ISO 9001 / estándares QA-QC,Minería > Exploración y geociencias > Cartografía y modelado geológico,Fuentes oficiales / taxonomía demostrativa,"Valores económicos, participaciones y empleo SIMULADOS."
70,Oro,Hacia atrás,Exploración,Exploración y geociencias,Perforación exploratoria,Perforación diamantina / RC,Por campaña,3864000.0,20,51,29,61,Alta,Alta,Parcial,Andalgalá,Escalar perforistas y servicios auxiliares,Equipamiento y experiencia,Servicios especializados,ISO 9001 / seguridad minera,Minería > Exploración y geociencias > Perforación exploratoria,Fuentes oficiales / taxonomía demostrativa,"Valores económicos, participaciones y empleo SIMULADOS."
71,Oro,Hacia atrás,Exploración,Laboratorios,Muestreo y ensayos,Ensayos geoquímicos y mineralógicos,Por campaña,1470000.0,27,38,35,35,Alta,Alta,Parcial,Capital,Laboratorio regional acreditado,Acreditación y equipamiento,Ciencia aplicada,ISO/IEC 17025,Minería > Laboratorios > Muestreo y ensayos,Fuentes oficiales / taxonomía demostrativa,"Valores económicos, participaciones y empleo SIMULADOS."
72,Oro,Hacia atrás,Exploración,Tecnología,Topografía y drones,"Levantamientos, fotogrametría y GIS",Por campaña,1064000.0,38,54,8,23,Media,Alta,Parcial,Belén,Consolidar proveedores tecnológicos,Capacitación y homologación,Economía del conocimiento,Licencias / seguridad operacional,Minería > Tecnología > Topografía y drones,Fuentes oficiales / taxonomía demostrativa,"Valores económicos, participaciones y empleo SIMULADOS."
73,Oro,Hacia atrás,Construcción,Construcción,Movimiento de suelos,"Caminos, plataformas y preparación de terrenos",Por proyecto,6294000.0,51,42,7,104,Alta,Media,Parcial,Andalgalá,Escalar contratistas locales,Flota y capital de trabajo,Empleo territorial,ISO 9001 / seguridad,Minería > Construcción > Movimiento de suelos,Fuentes oficiales / taxonomía demostrativa,"Valores económicos, participaciones y empleo SIMULADOS."
74,Oro,Hacia atrás,Construcción,Construcción,Obras civiles,"Hormigón, fundaciones y edificios industriales",Por proyecto,7251000.0,45,45,10,119,Alta,Media,Parcial,Capital,Desarrollar capacidad EPC local,Escala y antecedentes,Capital físico,ISO 9001,Minería > Construcción > Obras civiles,Fuentes oficiales / taxonomía demostrativa,"Valores económicos, participaciones y empleo SIMULADOS."
75,Oro,Hacia atrás,Construcción,Metalmecánica,Estructuras metálicas,"Piping, calderería y estructuras",Por proyecto,6087000.0,18,49,33,90,Alta,Alta,Incipiente,Belén,Cluster metalmecánico provincial,Certificación de soldadura,Industrialización,AWS / ASME / ISO 3834,Minería > Metalmecánica > Estructuras metálicas,Fuentes oficiales / taxonomía demostrativa,"Valores económicos, participaciones y empleo SIMULADOS."
76,Oro,Hacia atrás,Construcción,Energía,Infraestructura eléctrica,"Subestaciones, líneas, tableros y generación",Por proyecto,8149000.0,18,43,39,65,Alta,Muy alta,Incipiente,Andalgalá,Integradores eléctricos locales,Ingeniería y certificaciones,Capacidad energética,IEC / IRAM,Minería > Energía > Infraestructura eléctrica,Fuentes oficiales / taxonomía demostrativa,"Valores económicos, participaciones y empleo SIMULADOS."
77,Oro,Hacia atrás,Construcción,Agua,Infraestructura hídrica,"Bombas, válvulas, cañerías y plantas",Por proyecto,4589000.0,22,48,30,49,Alta,Alta,Parcial,Capital,Servicios hidráulicos regionales,Stock y soporte técnico,Infraestructura crítica,ISO / normas de presión,Minería > Agua > Infraestructura hídrica,Fuentes oficiales / taxonomía demostrativa,"Valores económicos, participaciones y empleo SIMULADOS."
78,Oro,Hacia atrás,Construcción,Campamentos,Infraestructura modular,"Módulos, mobiliario e instalaciones temporales",Por proyecto,3163000.0,40,45,15,58,Media,Media,Parcial,Belén,Fabricación/ensamble local,Escala productiva,Construcción local,Normas construcción / seguridad,Minería > Campamentos > Infraestructura modular,Fuentes oficiales / taxonomía demostrativa,"Valores económicos, participaciones y empleo SIMULADOS."
79,Oro,Hacia atrás,Operación,Logística,Transporte de cargas,Transporte de insumos y producto,Mensual,9023000.0,52,42,6,133,Alta,Media,Parcial,Andalgalá,Profesionalizar flotas provinciales,Financiamiento de flota,Empleo y servicios,RTO / habilitaciones,Minería > Logística > Transporte de cargas,Fuentes oficiales / taxonomía demostrativa,"Valores económicos, participaciones y empleo SIMULADOS."
80,Oro,Hacia atrás,Operación,Logística,Almacenamiento,"Depósitos, stock crítico y distribución",Mensual,2614000.0,45,42,13,40,Alta,Media,Parcial,Capital,Centro logístico regional,Infraestructura y sistemas,Eficiencia logística,ISO 9001,Minería > Logística > Almacenamiento,Fuentes oficiales / taxonomía demostrativa,"Valores económicos, participaciones y empleo SIMULADOS."
81,Oro,Hacia atrás,Operación,Mantenimiento,Mecánica industrial,"Mantenimiento de bombas, reductores y equipos",Mensual,5668000.0,35,41,24,76,Alta,Alta,Parcial,Belén,Talleres homologados,Equipamiento y certificación,Retención de gasto recurrente,ISO 9001 / OEM,Minería > Mantenimiento > Mecánica industrial,Fuentes oficiales / taxonomía demostrativa,"Valores económicos, participaciones y empleo SIMULADOS."
82,Oro,Hacia atrás,Operación,Mantenimiento,Electricidad e instrumentación,"Motores, tableros, variadores e instrumentación",Mensual,3632000.0,22,38,40,53,Alta,Alta,Parcial,Andalgalá,Servicios eléctricos especializados,Capacitación y stock,Capital humano,IEC / seguridad eléctrica,Minería > Mantenimiento > Electricidad e instrumentación,Fuentes oficiales / taxonomía demostrativa,"Valores económicos, participaciones y empleo SIMULADOS."
83,Oro,Hacia atrás,Operación,Equipamiento,Maquinaria pesada,Repuestos y componentes críticos,Mensual,8998000.0,5,33,62,45,Alta,Muy alta,Incipiente,Capital,Hub de reparación y repuestos,Escala y acuerdos OEM,Menor parada de planta,OEM / calidad,Minería > Equipamiento > Maquinaria pesada,Fuentes oficiales / taxonomía demostrativa,"Valores económicos, participaciones y empleo SIMULADOS."
84,Oro,Hacia atrás,Operación,Industria química,Reactivos e insumos,"Reactivos, cal, ácidos, soda y consumibles",Mensual,7160000.0,5,41,54,36,Alta,Muy alta,Incipiente,Belén,Blending/distribución o producción regional,"Escala, ambiente y tecnología",Sustitución competitiva,SDS / ISO 14001,Minería > Industria química > Reactivos e insumos,Fuentes oficiales / taxonomía demostrativa,"Valores económicos, participaciones y empleo SIMULADOS."
85,Oro,Hacia atrás,Operación,Combustibles y lubricantes,Abastecimiento,"Combustibles, grasas y lubricantes",Mensual,5014000.0,32,58,10,35,Alta,Media,Parcial,Andalgalá,Logística y stock provincial,Seguridad y almacenamiento,Compras locales,Normas combustibles,Minería > Combustibles y lubricantes > Abastecimiento,Fuentes oficiales / taxonomía demostrativa,"Valores económicos, participaciones y empleo SIMULADOS."
86,Oro,Hacia atrás,Operación,Tecnología,Automatización,"SCADA, sensores, control y analítica",Mensual,3253000.0,14,28,58,32,Alta,Muy alta,Incipiente,Capital,Integradores tecnológicos locales,Talento y homologación,Economía del conocimiento,IEC / ciberseguridad,Minería > Tecnología > Automatización,Fuentes oficiales / taxonomía demostrativa,"Valores económicos, participaciones y empleo SIMULADOS."
87,Oro,Hacia atrás,Operación,Telecomunicaciones,Conectividad,"Radio, fibra, satélite y redes privadas",Mensual,1916000.0,22,38,40,23,Alta,Alta,Parcial,Belén,Operadores e integradores locales,Cobertura y SLA,Conectividad territorial,Homologaciones ENACOM,Minería > Telecomunicaciones > Conectividad,Fuentes oficiales / taxonomía demostrativa,"Valores económicos, participaciones y empleo SIMULADOS."
88,Oro,Hacia atrás,Operación,Seguridad y salud,Seguridad industrial,"EPP, rescate, higiene y medicina laboral",Mensual,2294000.0,40,42,18,52,Alta,Media,Parcial,Andalgalá,Proveedores certificados,Homologación,Seguridad y empleo,ISO 45001,Minería > Seguridad y salud > Seguridad industrial,Fuentes oficiales / taxonomía demostrativa,"Valores económicos, participaciones y empleo SIMULADOS."
89,Oro,Hacia atrás,Operación,Servicios generales,Catering,Alimentación de campamento,Mensual,3434000.0,73,23,4,115,Media,Baja,Consolidada,Capital,Integrar productores y PyME locales,Calidad y escala,Derrame directo,BPM / inocuidad,Minería > Servicios generales > Catering,Fuentes oficiales / taxonomía demostrativa,"Valores económicos, participaciones y empleo SIMULADOS."
90,Oro,Hacia atrás,Operación,Servicios generales,Hotelería y lavandería,"Alojamiento, limpieza y lavandería",Mensual,2251000.0,81,19,0,69,Media,Baja,Consolidada,Belén,Expandir capacidad local,Calidad y estacionalidad,Turismo y servicios,Habilitaciones,Minería > Servicios generales > Hotelería y lavandería,Fuentes oficiales / taxonomía demostrativa,"Valores económicos, participaciones y empleo SIMULADOS."
91,Oro,Hacia atrás,Operación,Servicios profesionales,Ingeniería y confiabilidad,"Ingeniería de procesos, activos y mantenimiento",Mensual,2618000.0,21,63,16,45,Alta,Muy alta,Parcial,Andalgalá,Centro de ingeniería minera,Experiencia sectorial,Conocimiento exportable,Matrículas / ISO,Minería > Servicios profesionales > Ingeniería y confiabilidad,Fuentes oficiales / taxonomía demostrativa,"Valores económicos, participaciones y empleo SIMULADOS."
92,Oro,Hacia atrás,Operación,Servicios financieros,Seguros y financiamiento,"Seguros, leasing, garantías y factoring",Mensual,1584000.0,32,63,5,18,Media,Media,Parcial,Capital,Especialización financiera minera,Conocimiento sectorial,Servicios avanzados,Regulación financiera,Minería > Servicios financieros > Seguros y financiamiento,Fuentes oficiales / taxonomía demostrativa,"Valores económicos, participaciones y empleo SIMULADOS."
93,Oro,Hacia atrás,Operación,Ambiente,Monitoreo ambiental,"Agua, aire, biodiversidad y emisiones",Mensual,2256000.0,32,54,14,40,Alta,Alta,Parcial,Belén,Servicios ambientales locales,Equipamiento y acreditación,Control territorial,ISO 14001 / lab,Minería > Ambiente > Monitoreo ambiental,Fuentes oficiales / taxonomía demostrativa,"Valores económicos, participaciones y empleo SIMULADOS."
94,Oro,Hacia atrás,Operación,Economía circular,Gestión de residuos,"Tratamiento, recuperación y valorización",Mensual,2373000.0,25,54,21,45,Media,Media,Parcial,Andalgalá,Plantas de tratamiento regional,Escala y permisos,Nuevos negocios verdes,Permisos ambientales,Minería > Economía circular > Gestión de residuos,Fuentes oficiales / taxonomía demostrativa,"Valores económicos, participaciones y empleo SIMULADOS."
95,Oro,Hacia atrás,Operación,Educación y formación,Capacitación técnica,"Formación de operadores, técnicos y mandos",Mensual,1122000.0,67,29,4,35,Media,Media,Consolidada,Capital,Programas universidad-empresa,Currícula y docentes,Capital humano,Certificación de competencias,Minería > Educación y formación > Capacitación técnica,Fuentes oficiales / taxonomía demostrativa,"Valores económicos, participaciones y empleo SIMULADOS."
96,Oro,Hacia atrás,Cierre,Ambiente,Cierre y remediación,"Cierre progresivo, revegetación y monitoreo",Por proyecto,3960000.0,31,49,20,66,Alta,Alta,Parcial,Belén,Empresas locales de cierre minero,Experiencia y garantías,Capacidad post-mina,Normativa ambiental,Minería > Ambiente > Cierre y remediación,Fuentes oficiales / taxonomía demostrativa,"Valores económicos, participaciones y empleo SIMULADOS."
97,Oro,Hacia atrás,Cierre,Economía circular,Desmantelamiento,Recuperación de equipos y materiales,Por proyecto,2322000.0,40,44,16,50,Media,Media,Parcial,Andalgalá,Servicios de recuperación local,Logística y valorización,Circularidad,Seguridad / ambiente,Minería > Economía circular > Desmantelamiento,Fuentes oficiales / taxonomía demostrativa,"Valores económicos, participaciones y empleo SIMULADOS."
98,Oro,Hacia adelante,Transformación,Metalurgia,Refinación,Refinación y lingotes,Mercado potencial,9360000.0,2,35,63,43,Alta,Muy alta,Incipiente,Capital,Servicios metalúrgicos especializados,"Seguridad, escala y habilitación",Valor agregado,Estándares bullion,Oro > Refinación > Refinación y lingotes,Cadena de valor demostrativa,"Valores económicos, participaciones y empleo SIMULADOS."
99,Oro,Hacia adelante,Transformación,Joyería y diseño,Manufactura,Joyería y manufacturas de alto valor,Mercado potencial,4320000.0,21,56,23,72,Baja,Media,Parcial,Andalgalá,Cluster de diseño y joyería,"Diseño, marca y comercialización","PyME, turismo y marca",Calidad / trazabilidad,Oro > Manufactura > Joyería y manufacturas de alto valor,Cadena de valor demostrativa,"Valores económicos, participaciones y empleo SIMULADOS."
100,Oro,Hacia adelante,Fin de vida,Economía circular,Recuperación,Recuperación de metales preciosos,Mercado potencial,2880000.0,9,60,31,30,Media,Alta,Incipiente,Capital,Recuperación especializada,Tecnología y trazabilidad,Circularidad,Permisos,Oro > Recuperación > Recuperación de metales preciosos,Cadena de valor demostrativa,"Valores económicos, participaciones y empleo SIMULADOS."
